word;n;Fuente
bullying;254;Elaboración propia
#NoDaCompartir;150;Elaboración propia
sexting;147;Elaboración propia
#GuardemosDistanciaTambiénEnLasRedes;130;Elaboración propia
child grooming;127;Elaboración propia
#YoAprendoQueHacer;125;Elaboración propia
#RompeElSilencio;122;Elaboración propia
school bullying;110;Elaboración propia
el ciberacoso;100;Elaboración propia
el ciberbullying;100;Elaboración propia
sexting que es;100;Elaboración propia
what is child grooming;100;Elaboración propia
bullying in school;100;Elaboración propia
school;100;Elaboración propia
how to sexting;88;Elaboración propia
el sexting;73;Elaboración propia
what is cyberbullying;72;Elaboración propia
sexting him;64;Elaboración propia
ciberacoso que es;61;Elaboración propia
sexting messages;61;Elaboración propia
que es ciberbullying;59;Elaboración propia
snapchat;56;Elaboración propia
snapchat sexting;53;Elaboración propia
sexting reddit;50;Elaboración propia
child grooming meaning;50;Elaboración propia
sexting for him;47;Elaboración propia
sexting meaning;47;Elaboración propia
bullying at school;47;Elaboración propia
grooming;45;Elaboración propia
que es el ciberacoso;40;Elaboración propia
que es el ciberbullying;37;Elaboración propia
what is grooming a child;37;Elaboración propia
social media cyberbullying;36;Elaboración propia
ciberbullying;34;Elaboración propia
law;33;Elaboración propia
cyberbullying definition;32;Elaboración propia
personal grooming;29;Elaboración propia
cyberbullying meaning;27;Elaboración propia
cyberbullying statistics;20;Elaboración propia
cyberbullying effects;20;Elaboración propia
grooming definition;20;Elaboración propia
ciberacoso;19;Elaboración propia
sexting y ciberbullying;18;Elaboración propia
stop cyberbullying;17;Elaboración propia
effects of cyberbullying;17;Elaboración propia
social;15;Elaboración propia
ciberacoso escolar;13;Elaboración propia
social network;13;Elaboración propia
casos de ciberacoso;12;Elaboración propia
offense report;11;Elaboración propia
student;11;Elaboración propia
casos de ciberbullying;10;Elaboración propia
what does grooming a child mean;10;Elaboración propia
dog grooming;10;Elaboración propia
abuse;9;Elaboración propia
school bullying essay;8;Elaboración propia
crime;8;Elaboración propia
human sexual activity;8;Elaboración propia
ciberacoso definicion;7;Elaboración propia
rochdale child grooming;7;Elaboración propia
media;7;Elaboración propia
child abuse;7;Elaboración propia
high school;7;Elaboración propia
internet;6;Elaboración propia
social media;6;Elaboración propia
gang;6;Elaboración propia
policy;6;Elaboración propia
secondary school;6;Elaboración propia
como prevenir el ciberacoso;5;Elaboración propia
video de ciberbullying o ciberacoso;5;Elaboración propia
statistics;5;Elaboración propia
teacher;5;Elaboración propia
delictum;4;Elaboración propia
cybercrime;4;Elaboración propia
reddit;4;Elaboración propia
how to prevent bullying in school;3;Elaboración propia
phishing;3;Elaboración propia
suicide;3;Elaboración propia
message;3;Elaboración propia
online chat;3;Elaboración propia
kik messenger;3;Elaboración propia
text messaging;3;Elaboración propia
how to stop bullying at school;2;Elaboración propia
mee toh school bullying;1;Elaboración propia
movies about bullying;1;Elaboración propia
do you think bullying is a serious issue in your school give reasons to support your opinion;1;Elaboración propia
how to handle bullying at school;1;Elaboración propia
intimate relationship;1;Elaboración propia
